NULL,1,Nike NFL Arizona Cardinals 12 Larry Fitzgerald Black NFL Elite Football Jerseys,,,0
NULL,1,Toddler Nike Raiders 34 Bo Jackson Black Team Color Stitched NFL Elite Jersey,,,0
NULL,1,Toddler Nike Raiders 11 Sebastian Janikowski Black Team Color Stitched NFL Elite Jersey,,,0
NULL,1,Toddler Nike Giants 13 Odell Beckham Jr Royal Blue Team Color Stitched NFL Elite Jersey,,,0
NULL,1,Toddler Nike Eagles 7 Sam Bradford White Stitched NFL Elite Jersey,,,0
NULL,1,Toddler Nike Eagles 29 DeMarco Murray Green Team Color Stitched NFL Elite Jersey,,,0
NULL,1,Toddler Nike Eagles 11 Tim Tebow Green Team Color Stitched NFL Elite Jersey,,,0
NULL,1,Toddler Nike Broncos 7 John Elway Navy Blue Alternate Stitched NFL Elite Jersey,,,0
NULL,1,Toddler Nike 49ers 80 Jerry Rice Black Alternate Stitched NFL Elite Jersey,,,0
NULL,1,Toddler Nike 49ers 7 Colin Kaepernick Black Alternate Stitched NFL Elite Jersey,,,0
NULL,1,Toddler Nike 49ers 53 NaVorro Bowman Black Alternate Stitched NFL Elite Jersey,,,0
NULL,1,Penguins 81 Phil Kessel White Stitched Youth NHL Jersey,,,0
NULL,1,Penguins 81 Phil Kessel Black Stitched Youth NHL Jersey,,,0
NULL,1,Oilers 97 Connor McDavid White Stitched Youth NHL Jersey,,,0
NULL,1,Oilers 97 Connor McDavid Light Blue Stitched Youth NHL Jersey,,,0
NULL,1,Nike Vikings 5 Teddy Bridgewater White Youth Stitched NFL Elite Jersey,,,0
NULL,1,Nike Vikings 26 Trae Waynes Black Men Stitched NFL Elite USA Flag Fashion Jersey,,,0
NULL,1,Nike Texans 99 J.J. Watt Red Alternate Men Stitched NFL Limited Strobe Jersey,,,0
NULL,1,Nike Seahawks 88 Jimmy Graham Green Alternate Men Stitched NFL Limited Strobe Jersey,,,0
NULL,1,Nike Seahawks 3 Russell Wilson Green Alternate Men Stitched NFL Limited Strobe Jersey,,,0
NULL,1,Nike Seahawks 25 Richard Sherman Green Alternate Men Stitched NFL Limited Strobe Jersey,,,0
NULL,1,Nike Seahawks 12 Fan Green Alternate Men Stitched NFL Limited Strobe Jersey,,,0
NULL,1,Nike Ravens 18 Breshad Perriman Black Men Stitched NFL Elite USA Flag Fashion Jersey,,,0
NULL,1,Nike Raiders 89 Amari Cooper White Men Stitched NFL Game Jersey,,,0
NULL,1,Nike Raiders 89 Amari Cooper Black Team Color Men Stitched NFL Game Jersey,,,0
NULL,1,Nike Raiders 89 Amari Cooper Black Men Stitched NFL Elite USA Flag Fashion Jersey,,,0
NULL,1,Nike Panthers 88 Greg Olsen Black Men Stitched NFL Elite USA Flag Fashion Jersey,,,0
NULL,1,Nike Panthers 54 Shaq Thompson Black Men Stitched NFL Elite USA Flag Fashion Jersey,,,0
NULL,1,Nike Packers 4 Brett Favre Green Youth Stitched NFL Elite Jersey,,,0
NULL,1,Nike Dolphins 93 Ndamukong Suh Black Men Stitched NFL Elite USA Flag Fashion Jersey,,,0
NULL,1,Nike Dolphins 14 Jarvis Landry Black Men Stitched NFL Elite USA Flag Fashion Jersey,,,0
NULL,1,Nike Cowboys 9 Tony Romo Navy Blue Team Color Men Stitched NFL Limited Strobe Jersey,,,0
NULL,1,Nike Cowboys 31 Byron Jones Black Men Stitched NFL Elite USA Flag Fashion Jersey,,,0
NULL,1,Nike Chargers 55 Junior Seau Black Men Stitched NFL Elite USA Flag Fashion Jersey,,,0
NULL,1,Nike Broncos 7 John Elway Orange Team Color Men Stitched NFL Limited Strobe Jersey,,,0
NULL,1,Nike Broncos 7 John Elway Navy Blue Alternate Men Stitched NFL Limited Strobe Jersey,,,0
NULL,1,Nike Broncos 18 Peyton Manning Orange Team Color Men Stitched NFL Limited Strobe Jersey,,,0
NULL,1,Mariners 24 Ken Griffey Stitched Grey Cool Base Baseball Jersey,,,0
NULL,1,Dodgers 31 Joc Pederson White Home Women Stitched Baseball Jersey,,,0
NULL,1,Capitals Blank Stitched White NHL Jersey,,,0
NULL,1,Capitals 77 T.J Oshie White Stitched Youth NHL Jersey,,,0
NULL,1,Capitals 77 T.J Oshie Red Stitched Youth NHL Jersey,,,0
NULL,1,Blue Jays Blank White 2015 Canada Day Stitched Baseball Jersey,,,0
NULL,1,Blue Jays 66 Munenori Kawasaki White 2015 Canada Day Stitched Baseball Jersey,,,0
NULL,1,Blue Jays 2 Troy Tulowitzki White Cool Base Stitched Baseball Jersey,,,0
NULL,1,Blue Jays 12 Roberto Alomar White 2015 Canada Day Stitched Baseball Jersey,,,0
